--INIT STUDY GROUPS TABLE

INSERT INTO STUDY_GROUP (GROUP_NAME, PEOPLE_COUNT, COURSE_NUMBER) VALUES
('k-255', '20', '2');
INSERT INTO STUDY_GROUP (GROUP_NAME, PEOPLE_COUNT, COURSE_NUMBER) VALUES
('f-324', '20', '3');


--INIT PERSON TABLE

INSERT INTO PERSON (FIRST_NAME, LAST_NAME, BIRTHDATE, STUDY_GROUP_ID) VALUES
('Vasiliy', 'Berezutskiy', '1978-01-18', 1);
INSERT INTO PERSON (FIRST_NAME, LAST_NAME, BIRTHDATE, STUDY_GROUP_ID) VALUES
('Sergey', 'Rishikov', '1982-06-22', 2);
INSERT INTO PERSON (FIRST_NAME, LAST_NAME, BIRTHDATE, STUDY_GROUP_ID) VALUES
('Anna', 'Ahmatova', '1889-07-23', 1);
INSERT INTO PERSON (FIRST_NAME, LAST_NAME, BIRTHDATE, STUDY_GROUP_ID) VALUES
('Evgeniya', 'Zaytceva', '1992-04-05', 2);
INSERT INTO PERSON (FIRST_NAME, LAST_NAME, BIRTHDATE, STUDY_GROUP_ID) VALUES
('Franchesko', 'Totti', '1978-03-14', 1);
INSERT INTO PERSON (FIRST_NAME, LAST_NAME, BIRTHDATE, STUDY_GROUP_ID) VALUES
('Vasiliy', 'Lomovoy', '1976-01-11', 1);
INSERT INTO PERSON (FIRST_NAME, LAST_NAME, BIRTHDATE, STUDY_GROUP_ID) VALUES
('Sergey', 'Ignashevich', '1985-08-02', 2);
INSERT INTO PERSON (FIRST_NAME, LAST_NAME, BIRTHDATE, STUDY_GROUP_ID) VALUES
('Olga', 'Metlinskaya', '1994-02-27', 1);
INSERT INTO PERSON (FIRST_NAME, LAST_NAME, BIRTHDATE, STUDY_GROUP_ID) VALUES
('Elena', 'Prekrasnaya', '2021-01-01', 2);
INSERT INTO PERSON (FIRST_NAME, LAST_NAME, BIRTHDATE, STUDY_GROUP_ID) VALUES
('Maksimilliano', 'Bonucchi', '1985-03-11', 1);
INSERT INTO PERSON (FIRST_NAME, LAST_NAME, BIRTHDATE, STUDY_GROUP_ID) VALUES
('Alex', 'Shepard', '1984-03-23', 2);
INSERT INTO PERSON (FIRST_NAME, LAST_NAME, BIRTHDATE, STUDY_GROUP_ID) VALUES
('Roman', 'Pavlyuchenko', '1984-02-13', 1);
INSERT INTO PERSON (FIRST_NAME, LAST_NAME, BIRTHDATE, STUDY_GROUP_ID) VALUES
('Muhammed', 'Sallah', '1994-10-05', 2);
INSERT INTO PERSON (FIRST_NAME, LAST_NAME, BIRTHDATE, STUDY_GROUP_ID) VALUES
('Jordan', 'Larsson', '1996-08-15',2);

--INIT ID CARDS TABLE

INSERT INTO BASE_ID_ENTITY (FIRST_NAME, LAST_NAME, DOC_NUMBER, ID_CARD_TYPE, PERSON_ID) VALUES
('Vasiliy', 'Berezutskiy', '285921', 'PASSPORT', 1);
INSERT INTO BASE_ID_ENTITY (FIRST_NAME, LAST_NAME, DOC_NUMBER, ID_CARD_TYPE, PERSON_ID) VALUES
('Sergey', 'Rishikov', '246792', 'MILITARY_CARD', 2);
INSERT INTO BASE_ID_ENTITY (FIRST_NAME, LAST_NAME, DOC_NUMBER, ID_CARD_TYPE, PERSON_ID) VALUES
('Anna', 'Ahmatova', '675260', 'STUDENT_CARD', 3);
INSERT INTO BASE_ID_ENTITY (FIRST_NAME, LAST_NAME, DOC_NUMBER, ID_CARD_TYPE, PERSON_ID) VALUES
('Evgeniya', 'Zaytceva', '430936', 'PASSPORT', 4);
INSERT INTO BASE_ID_ENTITY (FIRST_NAME, LAST_NAME, DOC_NUMBER, ID_CARD_TYPE, PERSON_ID) VALUES
('Franchesko', 'Totti', '790384', 'STUDENT_CARD', 5);
INSERT INTO BASE_ID_ENTITY (FIRST_NAME, LAST_NAME, DOC_NUMBER, ID_CARD_TYPE, PERSON_ID) VALUES
('Egor', 'Titov', '284821', 'MILITARY_CARD', 6);
INSERT INTO BASE_ID_ENTITY (FIRST_NAME, LAST_NAME, DOC_NUMBER, ID_CARD_TYPE, PERSON_ID) VALUES
('Roman', 'Pavlyuchenko', '212792', 'STUDENT_CARD', 7);
INSERT INTO BASE_ID_ENTITY (FIRST_NAME, LAST_NAME, DOC_NUMBER, ID_CARD_TYPE, PERSON_ID) VALUES
('Olga', 'Vyatchinova', '483619', 'PASSPORT', 8);
INSERT INTO BASE_ID_ENTITY (FIRST_NAME, LAST_NAME, DOC_NUMBER, ID_CARD_TYPE, PERSON_ID) VALUES
('Ekaterina', 'Romanova', '493821', 'PASSPORT', 9);
INSERT INTO BASE_ID_ENTITY (FIRST_NAME, LAST_NAME, DOC_NUMBER, ID_CARD_TYPE, PERSON_ID) VALUES
('Alehandro', 'Delpiero', '389237', 'STUDENT_CARD', 10);
INSERT INTO BASE_ID_ENTITY (FIRST_NAME, LAST_NAME, DOC_NUMBER, ID_CARD_TYPE) VALUES
('Gordan', 'Freeman', '392012', 'STUDENT_CARD');
INSERT INTO BASE_ID_ENTITY (FIRST_NAME, LAST_NAME, DOC_NUMBER, ID_CARD_TYPE) VALUES
('Alex', 'Shepard', '483029', 'PASSPORT');